Name,New price,Old price,Product code,URL
Jersey Top,$5,$12.99,60133,http://www.hm.com/us/product/60133?article=60133-E
Jersey Top,$5,$12.99,60133,http://www.hm.com/us/product/60133?article=60133-F
Jersey Top,$5.99,$12.99,68934,http://www.hm.com/us/product/68934?article=68934-C
T-shirt with Printed Design,$5.99,$12.99,63019,http://www.hm.com/us/product/63019?article=63019-Q
Striped Jersey Top,$9.99,$14.99,64644,http://www.hm.com/us/product/64644?article=64644-C
T-shirt with Printed Design,$5.99,$12.99,63019,http://www.hm.com/us/product/63019?article=63019-K
T-shirt with Printed Design,$5.99,$12.99,63019,http://www.hm.com/us/product/63019?article=63019-A
Short-sleeved Top,$6.99,$9.99,65274,http://www.hm.com/us/product/65274?article=65274-A
Boat-neck Top,$7.99,$14.99,38259,http://www.hm.com/us/product/38259?article=38259-H
Pleated Top,$9.99,$17.99,67571,http://www.hm.com/us/product/67571?article=67571-B
Pleated Top,$9.99,$17.99,67571,http://www.hm.com/us/product/67571?article=67571-A
Top with Lace Details,$7,$14.99,67739,http://www.hm.com/us/product/67739?article=67739-A
Top with Lace,$12.99,$24.99,68451,http://www.hm.com/us/product/68451?article=68451-A
Top with Lace Details,$7,$14.99,67739,http://www.hm.com/us/product/67739?article=67739-D
Long-sleeved Top,$5.99,$12.99,62235,http://www.hm.com/us/product/62235?article=62235-F
Long-sleeved Top,$5.99,$12.99,62235,http://www.hm.com/us/product/62235?article=62235-B
Long-sleeved Top,$5.99,$12.99,62235,http://www.hm.com/us/product/62235?article=62235-A
Top with Lace,$12.99,$24.99,68451,http://www.hm.com/us/product/68451?article=68451-D
Long-sleeved Top,$5.99,$12.99,62235,http://www.hm.com/us/product/62235?article=62235-G
Long-sleeved Jersey Top,$9.99,$17.99,54285,http://www.hm.com/us/product/54285?article=54285-I
Top with Lace Yoke,$5.99,$9.99,68429,http://www.hm.com/us/product/68429?article=68429-B
Lyocell Top,$7.99,$14.99,67584,http://www.hm.com/us/product/67584?article=67584-E
Short Jersey Tank Top,$2.99,$4.99,69443,http://www.hm.com/us/product/69443?article=69443-C
Lyocell Top,$7.99,$14.99,67584,http://www.hm.com/us/product/67584?article=67584-A
Polo Shirt,$5.99,$12.99,43558,http://www.hm.com/us/product/43558?article=43558-G
Lyocell Jersey Tank Top,$6.99,$12.99,70462,http://www.hm.com/us/product/70462?article=70462-C
Lyocell Jersey Tank Top,$6.99,$12.99,70462,http://www.hm.com/us/product/70462?article=70462-B
Slub Jersey Top,$5.99,$12.99,54630,http://www.hm.com/us/product/54630?article=54630-F
Slub Jersey Top,$7.99,$17.99,43522,http://www.hm.com/us/product/43522?article=43522-E
Slub Jersey Top,$7.99,$17.99,43522,http://www.hm.com/us/product/43522?article=43522-G
Mock-turtleneck Top,$9.99,$17.99,58925,http://www.hm.com/us/product/58925?article=58925-A
Ribbed Top,$7.99,$17.99,65943,http://www.hm.com/us/product/65943?article=65943-C
Ribbed Top,$9.99,$17.99,65943,http://www.hm.com/us/product/65943?article=65943-A
Wide-cut Top,$7.99,$17.99,69910,http://www.hm.com/us/product/69910?article=69910-A
Off-the-shoulder Top,$7.99,$12.99,58147,http://www.hm.com/us/product/58147?article=58147-G
Short-sleeved Top,$5.99,$12.99,62216,http://www.hm.com/us/product/62216?article=62216-D
V-neck Jersey Top,$9.99,$12.99,63058,http://www.hm.com/us/product/63058?article=63058-C
Short-sleeved Top,$6.99,$9.99,65274,http://www.hm.com/us/product/65274?article=65274-B
Jersey Top,$3.99,$5.99,83742,http://www.hm.com/us/product/83742?article=83742-X
Short T-shirt,$5.99,$9.99,66337,http://www.hm.com/us/product/66337?article=66337-C
T-shirt with Motif,$7.99,$12.99,60675,http://www.hm.com/us/product/60675?article=60675-T
Blouce with Lace Yoke,$14.99,$29.99,68183,http://www.hm.com/us/product/68183?article=68183-C
Crêped Top,$9.99,$14.99,60024,http://www.hm.com/us/product/60024?article=60024-A
V-neck Sweater,$7.99,$14.99,58455,http://www.hm.com/us/product/58455?article=58455-C
Ribbed Tank Top,$4.99,$6.99,69750,http://www.hm.com/us/product/69750?article=69750-C
Cotton-blend T-shirt,$5.99,$9.99,62593,http://www.hm.com/us/product/62593?article=62593-D
Tank Top with Lacing,$9.99,$17.99,71574,http://www.hm.com/us/product/71574?article=71574-A
Short T-shirt,$5.99,$9.99,66337,http://www.hm.com/us/product/66337?article=66337-D
Nepped T-shirt,$7.99,$17.99,67360,http://www.hm.com/us/product/67360?article=67360-C
Crêped Camisole Top,$7,$17.99,65300,http://www.hm.com/us/product/65300?article=65300-C
Linen Scoop-neck Top,$9.99,$17.99,65666,http://www.hm.com/us/product/65666?article=65666-E
T-shirt with Motif,$7.99,$12.99,60675,http://www.hm.com/us/product/60675?article=60675-U
Long-sleeved Top,$6.99,$14.99,61473,http://www.hm.com/us/product/61473?article=61473-A
Jersey Top,$5.99,$12.99,68161,http://www.hm.com/us/product/68161?article=68161-A
Nepped T-shirt,$7.99,$17.99,67360,http://www.hm.com/us/product/67360?article=67360-B
Draped Top,$9.99,$17.99,67801,http://www.hm.com/us/product/67801?article=67801-B
Short Top,$9.99,$14.99,70988,http://www.hm.com/us/product/70988?article=70988-A
Short-sleeved Top,$6.99,$9.99,65274,http://www.hm.com/us/product/65274?article=65274-F
Cotton Jersey T-shirt,$7.99,$12.99,63610,http://www.hm.com/us/product/63610?article=63610-E
T-shirt with Printed Design,$9.99,$17.99,70618,http://www.hm.com/us/product/70618?article=70618-C
Printed Jersey Bodysuit,$9.99,$14.99,66557,http://www.hm.com/us/product/66557?article=66557-A
V-neck Jersey Top,$9.99,$14.99,65256,http://www.hm.com/us/product/65256?article=65256-B
T-shirt with Motif,$7.99,$12.99,60675,http://www.hm.com/us/product/60675?article=60675-Z
T-shirt with Motif,$9.99,$17.99,64623,http://www.hm.com/us/product/64623?article=64623-H
Jersey Camisole Top,$2.99,$4.99,46245,http://www.hm.com/us/product/46245?article=46245-H
Top with Printed Design,$5.99,$12.99,70360,http://www.hm.com/us/product/70360?article=70360-A
Ruffled Top,$9.99,$17.99,67573,http://www.hm.com/us/product/67573?article=67573-F
V-neck Jersey Top,$9.99,$14.99,65256,http://www.hm.com/us/product/65256?article=65256-A
Long T-shirt,$5.99,$9.99,91281,http://www.hm.com/us/product/91281?article=91281-K
Bustier,$7.99,$14.99,67854,http://www.hm.com/us/product/67854?article=67854-C
Wide T-shirt with Chest Pocket,$12.99,$24.99,68936,http://www.hm.com/us/product/68936?article=68936-B
Jersey Top with Ruffles,$12.99,$24.99,69264,http://www.hm.com/us/product/69264?article=69264-B
V-neck Jersey Top,$9.99,$14.99,65256,http://www.hm.com/us/product/65256?article=65256-C
Jersey T-shirt,$5.99,$12.99,62231,http://www.hm.com/us/product/62231?article=62231-A
Wide T-shirt with Chest Pocket,$12.99,$24.99,68936,http://www.hm.com/us/product/68936?article=68936-A
T-shirt with Printed Design,$9.99,$14.99,65389,http://www.hm.com/us/product/65389?article=65389-C
Long Linen-blend T-shirt,$9.99,$17.99,43335,http://www.hm.com/us/product/43335?article=43335-D
V-neck Jersey Top,$5.99,$14.99,89119,http://www.hm.com/us/product/89119?article=89119-P
Long-sleeved Jersey Top,$5.99,$12.99,38141,http://www.hm.com/us/product/38141?article=38141-X
Jersey Top,$9.99,$14.99,49630,http://www.hm.com/us/product/49630?article=49630-B
Metallic Bodysuit,$9.99,$17.99,65632,http://www.hm.com/us/product/65632?article=65632-A
T-shirt with Motif,$9.99,$12.99,60675,http://www.hm.com/us/product/60675?article=60675-P
Jersey Bodysuit,$9.99,$17.99,61483,http://www.hm.com/us/product/61483?article=61483-A
Slub Jersey Top,$5.99,$12.99,54630,http://www.hm.com/us/product/54630?article=54630-H
Tank Top with Lacing,$7.99,$12.99,71478,http://www.hm.com/us/product/71478?article=71478-A
Camisole Top with Knot,$9.99,$14.99,68093,http://www.hm.com/us/product/68093?article=68093-B
Short Top,$9.99,$17.99,67864,http://www.hm.com/us/product/67864?article=67864-A
Bustier,$7.99,$14.99,67854,http://www.hm.com/us/product/67854?article=67854-B
Crêped Camisole Top,$7,$17.99,65300,http://www.hm.com/us/product/65300?article=65300-D
Sleeveless Jersey Top,$12.99,$24.99,42288,http://www.hm.com/us/product/42288?article=42288-E
Jersey Top,$5.99,$14.99,44402,http://www.hm.com/us/product/44402?article=44402-C
Ribbed Tank Top,$4.99,$6.99,69750,http://www.hm.com/us/product/69750?article=69750-B
Slub Jersey Top,$5.99,$12.99,54630,http://www.hm.com/us/product/54630?article=54630-E
Linen Scoop-neck Top,$9.99,$17.99,65666,http://www.hm.com/us/product/65666?article=65666-B
Ribbed Jersey Top,$5.99,$12.99,70480,http://www.hm.com/us/product/70480?article=70480-C
Beaded Camisole Top,$7.99,$17.99,47468,http://www.hm.com/us/product/47468?article=47468-E
Cotton T-shirt,$6.99,$12.99,64432,http://www.hm.com/us/product/64432?article=64432-E
Top with Woven Front Section,$7.99,$14.99,60953,http://www.hm.com/us/product/60953?article=60953-C
Ribbed Jersey Top,$5.99,$12.99,70480,http://www.hm.com/us/product/70480?article=70480-A
Boat-neck Top,$7.99,$14.99,38259,http://www.hm.com/us/product/38259?article=38259-B
Linen Jersey Top,$9.99,$17.99,43241,http://www.hm.com/us/product/43241?article=43241-I
Velour Camisole Top,$9.99,$14.99,68051,http://www.hm.com/us/product/68051?article=68051-B
Embroidered Mesh Top,$9.99,$17.99,69666,http://www.hm.com/us/product/69666?article=69666-B
Short Top,$5.99,$9.99,66133,http://www.hm.com/us/product/66133?article=66133-A
Wide-cut T-shirt,$9.99,$14.99,71823,http://www.hm.com/us/product/71823?article=71823-A
Lace Top,$17.99,$29.99,62613,http://www.hm.com/us/product/62613?article=62613-E
Short Top,$7.99,$12.99,65897,http://www.hm.com/us/product/65897?article=65897-B
Draped Top,$9.99,$17.99,67801,http://www.hm.com/us/product/67801?article=67801-A
Draped Top,$9.99,$17.99,67801,http://www.hm.com/us/product/67801?article=67801-C
Jersey Crêpe Top,$9.99,$17.99,44914,http://www.hm.com/us/product/44914?article=44914-L
V-neck Jersey Top,$5.99,$9.99,55540,http://www.hm.com/us/product/55540?article=55540-H
Ribbed Camisole Top,$12.99,$24.99,68421,http://www.hm.com/us/product/68421?article=68421-F
Lace Top,$14.99,$24.99,67643,http://www.hm.com/us/product/67643?article=67643-C
Long-sleeved Bodysuit,$9.99,$14.99,60584,http://www.hm.com/us/product/60584?article=60584-B
Fine-knit Top,$9.99,$17.99,41533,http://www.hm.com/us/product/41533?article=41533-E
Top with Printed Design,$5.99,$12.99,70360,http://www.hm.com/us/product/70360?article=70360-B
Short-sleeved Top,$6.99,$9.99,65274,http://www.hm.com/us/product/65274?article=65274-D
Long-sleeved Bodysuit,$9.99,$14.99,60584,http://www.hm.com/us/product/60584?article=60584-A
Camisole Top with Flounce,$7.99,$12.99,68989,http://www.hm.com/us/product/68989?article=68989-B
Jersey Top,$5.99,$12.99,64688,http://www.hm.com/us/product/64688?article=64688-B
Wide-cut T-shirt,$7.99,$12.99,66154,http://www.hm.com/us/product/66154?article=66154-B
Cotton Jersey T-shirt,$7.99,$12.99,63610,http://www.hm.com/us/product/63610?article=63610-J
Short Top,$7.99,$12.99,65897,http://www.hm.com/us/product/65897?article=65897-A
Fine-knit Top,$7.99,$17.99,65484,http://www.hm.com/us/product/65484?article=65484-D
Top with Lace Detail,$7.99,$12.99,61841,http://www.hm.com/us/product/61841?article=61841-A
Lace-trimmed Cotton Tank Top,$4.99,$6.99,61829,http://www.hm.com/us/product/61829?article=61829-D
Ribbed Jersey Top,$5.99,$12.99,70480,http://www.hm.com/us/product/70480?article=70480-B
Glittery Bandeau Top,$7.99,$12.99,70285,http://www.hm.com/us/product/70285?article=70285-A
Hemstitch-embroidered Top,$14.99,$24.99,67949,http://www.hm.com/us/product/67949?article=67949-B
T-shirt with Printed Design,$9.99,$12.99,69220,http://www.hm.com/us/product/69220?article=69220-B
Crushed-velvet Top,$9.99,$14.99,70150,http://www.hm.com/us/product/70150?article=70150-B
Jersey Camisole Top,$3.99,$4.99,46245,http://www.hm.com/us/product/46245?article=46245-D
Long-sleeved Lace Top,$19.99,$34.99,66546,http://www.hm.com/us/product/66546?article=66546-C
Long-sleeved Top,$6.99,$14.99,61473,http://www.hm.com/us/product/61473?article=61473-B
Jersey Top,$9.99,$14.99,49630,http://www.hm.com/us/product/49630?article=49630-E
Short-sleeved Top,$6.99,$9.99,65274,http://www.hm.com/us/product/65274?article=65274-E
Uni Tee,$12.99,$19.99,62358,http://www.hm.com/us/product/62358?article=62358-A
Wide-cut T-shirt,$7.99,$12.99,66154,http://www.hm.com/us/product/66154?article=66154-A
Short Jersey Top,$7.99,$12.99,69128,http://www.hm.com/us/product/69128?article=69128-A
Crushed-velvet Camisole Top,$9.99,$14.99,66753,http://www.hm.com/us/product/66753?article=66753-B
Sleeveless Jersey Top,$12.99,$24.99,42288,http://www.hm.com/us/product/42288?article=42288-A
One-shoulder Top,$7.99,$12.99,69256,http://www.hm.com/us/product/69256?article=69256-C
Fine-knit Top,$9.99,$17.99,41533,http://www.hm.com/us/product/41533?article=41533-G
Ruffled Top,$9.99,$17.99,67573,http://www.hm.com/us/product/67573?article=67573-G
Sleeveless Jersey Top,$12.99,$24.99,42288,http://www.hm.com/us/product/42288?article=42288-B
V-neck Short-sleeved Sweater,$7.99,$17.99,64045,http://www.hm.com/us/product/64045?article=64045-A
Lace Top,$9.99,$17.99,66738,http://www.hm.com/us/product/66738?article=66738-A
Jersey Top,$6.99,$9.99,38006,http://www.hm.com/us/product/38006?article=38006-C
Long-sleeved Jersey Top,$5.99,$12.99,65001,http://www.hm.com/us/product/65001?article=65001-A
T-shirt with Motif,$7.99,$12.99,66549,http://www.hm.com/us/product/66549?article=66549-A
Mock-turtleneck Bodysuit,$7.99,$14.99,62963,http://www.hm.com/us/product/62963?article=62963-B
Short Printed Jersey Top,$9.99,$14.99,69072,http://www.hm.com/us/product/69072?article=69072-A
Wide-cut Camisole Top,$9.99,$14.99,68459,http://www.hm.com/us/product/68459?article=68459-E
V-neck Satin Camisole Top,$14.99,$24.99,64972,http://www.hm.com/us/product/64972?article=64972-A
Camisole Top with Mesh Detail,$12.99,$17.99,62288,http://www.hm.com/us/product/62288?article=62288-A
Off-the-shoulder Top,$29.99,$49.99,68555,http://www.hm.com/us/product/68555?article=68555-A
Wide-cut T-shirt,$12.99,$24.99,68677,http://www.hm.com/us/product/68677?article=68677-A
T-shirt with Printed Design,$9.99,$14.99,64990,http://www.hm.com/us/product/64990?article=64990-B
V-neck Jersey Top,$9.99,$14.99,89119,http://www.hm.com/us/product/89119?article=89119-M
One-shoulder Top,$5.99,$12.99,49881,http://www.hm.com/us/product/49881?article=49881-A
Cotton T-shirt,$6.99,$12.99,64432,http://www.hm.com/us/product/64432?article=64432-F
Wide-cut Camisole Top,$9.99,$14.99,68459,http://www.hm.com/us/product/68459?article=68459-F
Long-sleeved Bodysuit,$9.99,$14.99,60584,http://www.hm.com/us/product/60584?article=60584-D
Fine-knit Turtleneck Top,$7.99,$17.99,67189,http://www.hm.com/us/product/67189?article=67189-A
V-neck Top,$7.99,$17.99,69690,http://www.hm.com/us/product/69690?article=69690-A
Short Top with Elastic,$9.99,$14.99,63850,http://www.hm.com/us/product/63850?article=63850-B
Jersey Top,$7.99,$14.99,39799,http://www.hm.com/us/product/39799?article=39799-A
Short Mesh Top,$9.99,$14.99,69669,http://www.hm.com/us/product/69669?article=69669-A
Ribbed Top,$14.99,$29.99,67941,http://www.hm.com/us/product/67941?article=67941-C
V-neck Top,$9.99,$17.99,56722,http://www.hm.com/us/product/56722?article=56722-B
Slub Jersey Top,$9.99,$12.99,54630,http://www.hm.com/us/product/54630?article=54630-I
Long-sleeved Lace Top,$19.99,$34.99,66546,http://www.hm.com/us/product/66546?article=66546-A
Jersey Camisole Top,$4.99,$6.99,69011,http://www.hm.com/us/product/69011?article=69011-C
Fine-knit Camisole Top,$12.99,$29.99,67259,http://www.hm.com/us/product/67259?article=67259-C
Tulle Top,$19.99,$39.99,68538,http://www.hm.com/us/product/68538?article=68538-A
V-neck Camisole Top,$9.99,$17.99,63080,http://www.hm.com/us/product/63080?article=63080-B
One-shoulder Top,$7.99,$17.99,67836,http://www.hm.com/us/product/67836?article=67836-B
Mock-turtleneck Top,$12.99,$17.99,55410,http://www.hm.com/us/product/55410?article=55410-C
Silk-blend Top,$12.99,$24.99,63643,http://www.hm.com/us/product/63643?article=63643-E
Short Sweatshirt,$19.99,$34.99,67529,http://www.hm.com/us/product/67529?article=67529-C
Lace Top,$9.99,$17.99,65850,http://www.hm.com/us/product/65850?article=65850-C
Fine-knit Top,$9.99,$17.99,59991,http://www.hm.com/us/product/59991?article=59991-A
Fine-knit Camisole Top,$12.99,$29.99,67259,http://www.hm.com/us/product/67259?article=67259-D
Wide-cut Camisole Top,$9.99,$14.99,68459,http://www.hm.com/us/product/68459?article=68459-J
T-shirt with Motif,$12.99,$17.99,64623,http://www.hm.com/us/product/64623?article=64623-C
Long-sleeved Linen Top,$12.99,$24.99,64869,http://www.hm.com/us/product/64869?article=64869-D
Jersey Top,$9.99,$14.99,49630,http://www.hm.com/us/product/49630?article=49630-G
Polo Shirt,$9.99,$12.99,48777,http://www.hm.com/us/product/48777?article=48777-B
Long-sleeved Linen Top,$12.99,$24.99,64869,http://www.hm.com/us/product/64869?article=64869-B
Uni Tee,$12.99,$19.99,62358,http://www.hm.com/us/product/62358?article=62358-B
Polo Shirt,$9.99,$12.99,48777,http://www.hm.com/us/product/48777?article=48777-A
Fitted Sweater,$9.99,$29.99,63533,http://www.hm.com/us/product/63533?article=63533-E
Ruffled Top,$9.99,$17.99,67573,http://www.hm.com/us/product/67573?article=67573-A
Fine-knit Turtleneck Top,$9.99,$17.99,67189,http://www.hm.com/us/product/67189?article=67189-B
Ribbed Sweater,$9.99,$12.99,59865,http://www.hm.com/us/product/59865?article=59865-D
T-shirt with Printed Design,$9.99,$14.99,65389,http://www.hm.com/us/product/65389?article=65389-E
Wrap-front Sweater,$9.99,$12.99,62525,http://www.hm.com/us/product/62525?article=62525-A
Tube Top,$4,$9.95,26972,http://www.hm.com/us/product/26972?article=26972-M
Long-sleeved Jersey Top,$7.99,$12.99,56535,http://www.hm.com/us/product/56535?article=56535-A
Ribbed Sweater,$9.99,$12.99,59865,http://www.hm.com/us/product/59865?article=59865-B
Long-sleeved Linen Top,$12.99,$24.99,64869,http://www.hm.com/us/product/64869?article=64869-A
Jersey Top with Lace,$9.99,$19.99,68149,http://www.hm.com/us/product/68149?article=68149-B
V-neck Top,$7.99,$17.99,69690,http://www.hm.com/us/product/69690?article=69690-B
Lace Top,$19.99,$34.99,67945,http://www.hm.com/us/product/67945?article=67945-C
Bustier,$14.99,$29.99,60791,http://www.hm.com/us/product/60791?article=60791-B
Crêped Jersey Top,$14.99,$29.99,68689,http://www.hm.com/us/product/68689?article=68689-A
Jersey Top,$6.99,$9.99,38235,http://www.hm.com/us/product/38235?article=38235-A
Long-sleeved Jersey Top,$7.99,$12.99,30028,http://www.hm.com/us/product/30028?article=30028-A
Loose-knit Top,$14.99,$24.99,65855,http://www.hm.com/us/product/65855?article=65855-D
Ribbed Camisole Top,$5.99,$12.99,66728,http://www.hm.com/us/product/66728?article=66728-B
Short Top,$5.99,$9.99,66133,http://www.hm.com/us/product/66133?article=66133-B
Bustier,$14.99,$29.99,60791,http://www.hm.com/us/product/60791?article=60791-A
Wide-cut T-shirt,$7.99,$12.99,66154,http://www.hm.com/us/product/66154?article=66154-C
Short Lace Top,$14.99,$29.99,63545,http://www.hm.com/us/product/63545?article=63545-B
Pleated Top,$12.99,$24.99,58708,http://www.hm.com/us/product/58708?article=58708-B
Double-layer Camisole Top,$12.99,$24.99,70444,http://www.hm.com/us/product/70444?article=70444-E
Airy Jersey Top,$12.99,$17.99,63206,http://www.hm.com/us/product/63206?article=63206-B
Jersey Camisole Top with Lace,$12.99,$17.99,69540,http://www.hm.com/us/product/69540?article=69540-D
Jersey Top,$7.99,$14.99,39799,http://www.hm.com/us/product/39799?article=39799-E
Ribbed Top,$9.99,$17.99,56852,http://www.hm.com/us/product/56852?article=56852-A
Jersey Top,$9.99,$14.99,64735,http://www.hm.com/us/product/64735?article=64735-A
Short Top with Lacing,$17.99,$29.99,62105,http://www.hm.com/us/product/62105?article=62105-B
Glittery Bustier,$12.99,$24.99,59539,http://www.hm.com/us/product/59539?article=59539-B
Sleeveless Top with Lace,$14.99,$24.99,60829,http://www.hm.com/us/product/60829?article=60829-A
Long-sleeved Linen Top,$12.99,$24.99,64869,http://www.hm.com/us/product/64869?article=64869-E
Jersey Top,$9.99,$14.99,49630,http://www.hm.com/us/product/49630?article=49630-F
Flounced Crop Top,$14.99,$24.99,59231,http://www.hm.com/us/product/59231?article=59231-A
Mock-turtleneck Top,$9.99,$17.99,55410,http://www.hm.com/us/product/55410?article=55410-D
Crushed-velvet Top,$9.99,$14.99,70150,http://www.hm.com/us/product/70150?article=70150-C
Loose-knit Top,$14.99,$24.99,65855,http://www.hm.com/us/product/65855?article=65855-A
Mock-turtleneck Top,$12.99,$17.99,55410,http://www.hm.com/us/product/55410?article=55410-E
Short Top,$17.99,$34.99,69673,http://www.hm.com/us/product/69673?article=69673-A
V-neck Camisole Top,$12.99,$17.99,59964,http://www.hm.com/us/product/59964?article=59964-A
Jersey Top,$7.99,$14.99,39799,http://www.hm.com/us/product/39799?article=39799-D
Long-sleeved Top,$12.99,$24.99,56522,http://www.hm.com/us/product/56522?article=56522-C
Crushed-velvet Camisole Top,$17.99,$24.99,63178,http://www.hm.com/us/product/63178?article=63178-A
Ribbed Top,$14.99,$29.99,67941,http://www.hm.com/us/product/67941?article=67941-A
Sleeveless Top with Lace,$14.99,$24.99,60829,http://www.hm.com/us/product/60829?article=60829-B
Wide-cut Camisole Top,$9.99,$14.99,68459,http://www.hm.com/us/product/68459?article=68459-I
Long-sleeved Top,$14.99,$24.99,56522,http://www.hm.com/us/product/56522?article=56522-E
Silk-blend Top,$12.99,$24.99,39356,http://www.hm.com/us/product/39356?article=39356-A
Jersey Top,$9.99,$14.99,64828,http://www.hm.com/us/product/64828?article=64828-C
Draped Top,$9.99,$19.99,61712,http://www.hm.com/us/product/61712?article=61712-B
Ribbed Top,$9.99,$19.99,56148,http://www.hm.com/us/product/56148?article=56148-A
Long-sleeved Jersey Top,$9.99,$12.99,30028,http://www.hm.com/us/product/30028?article=30028-S
Jersey Top,$9.99,$14.99,58380,http://www.hm.com/us/product/58380?article=58380-C
Sequined Bustier,$17.99,$39.99,58123,http://www.hm.com/us/product/58123?article=58123-A
Ribbed Jersey Top,$7.99,$17.99,56300,http://www.hm.com/us/product/56300?article=56300-A
Fitted Sweater,$9.99,$29.99,63533,http://www.hm.com/us/product/63533?article=63533-D
Short Top,$17.99,$29.99,63209,http://www.hm.com/us/product/63209?article=63209-A
Ribbed Top,$12.99,$34.99,58201,http://www.hm.com/us/product/58201?article=58201-A
Cupro-blend Top,$24.99,$39.99,68411,http://www.hm.com/us/product/68411?article=68411-A
Velvet Camisole Top,$14.99,$24.99,66158,http://www.hm.com/us/product/66158?article=66158-C
Ribbed Sweater,$9.99,$12.99,59865,http://www.hm.com/us/product/59865?article=59865-C
Off-the-shoulder Top,$14.99,$24.99,53939,http://www.hm.com/us/product/53939?article=53939-A
Top with Smocking,$17.99,$29.99,67464,http://www.hm.com/us/product/67464?article=67464-A
Long-sleeved T-shirt,$9.99,$17.99,66218,http://www.hm.com/us/product/66218?article=66218-D
Linen-blend Top,$12.99,$24.99,51674,http://www.hm.com/us/product/51674?article=51674-A
Fitted Lace Top,$14.99,$24.99,67944,http://www.hm.com/us/product/67944?article=67944-B
Velour T-shirt,$9.99,$17.99,69500,http://www.hm.com/us/product/69500?article=69500-A
Pleated Top,$19.99,$34.99,59588,http://www.hm.com/us/product/59588?article=59588-A
Ribbed Top,$14.99,$34.99,57946,http://www.hm.com/us/product/57946?article=57946-C
Rib-knit Sweater,$14.99,$24.99,61286,http://www.hm.com/us/product/61286?article=61286-A
Glittery Bustier,$12.99,$24.99,59539,http://www.hm.com/us/product/59539?article=59539-C
Long-sleeved Top,$12.99,$17.99,62754,http://www.hm.com/us/product/62754?article=62754-B
Lace Camisole Top,$12.99,$24.99,58828,http://www.hm.com/us/product/58828?article=58828-A
Jersey Top,$6.99,$12.99,94115,http://www.hm.com/us/product/94115?article=94115-K
Short Top,$9.99,$14.99,68304,http://www.hm.com/us/product/68304?article=68304-B
Embellished Chiffon Top,$20,$39.99,84923,http://www.hm.com/us/product/84923?article=84923-A
Short Ruffled Top,$19.99,$24.99,71504,http://www.hm.com/us/product/71504?article=71504-B
Handkerchief Top,$14.99,$24.99,67070,http://www.hm.com/us/product/67070?article=67070-A
Velour Camisole Top,$9.99,$17.99,68808,http://www.hm.com/us/product/68808?article=68808-A
T-shirt with Printed Design,$9.99,$14.99,64990,http://www.hm.com/us/product/64990?article=64990-A
Jersey Top with Printed Design,$14.99,$24.99,66151,http://www.hm.com/us/product/66151?article=66151-A
Velvet Camisole Top,$14.99,$24.99,66158,http://www.hm.com/us/product/66158?article=66158-B
Lyocell Top,$19.99,$24.99,65225,http://www.hm.com/us/product/65225?article=65225-A
Camisole Top with Mesh Detail,$12.99,$17.99,62288,http://www.hm.com/us/product/62288?article=62288-B
Beaded Lace Top,$20,$39.95,98637,http://www.hm.com/us/product/98637?article=98637-A
Jersey Top,$7.99,$12.99,34980,http://www.hm.com/us/product/34980?article=34980-A
Long-sleeved Jersey Top,$19.99,$24.99,64062,http://www.hm.com/us/product/64062?article=64062-A
Lyocell Top,$17.99,$29.99,65437,http://www.hm.com/us/product/65437?article=65437-A
Mesh Ruffled Top,$14.99,$19.99,65298,http://www.hm.com/us/product/65298?article=65298-B
Long-sleeved Jersey Top,$14.99,$29.99,59142,http://www.hm.com/us/product/59142?article=59142-A
Sleeveless Top,$9.99,$17.99,60245,http://www.hm.com/us/product/60245?article=60245-A
Sleeveless Turtleneck Sweater,$17.99,$24.99,52822,http://www.hm.com/us/product/52822?article=52822-A
Ribbed Top,$9.99,$14.99,56526,http://www.hm.com/us/product/56526?article=56526-B
One-shoulder Top,$7.99,$17.99,67836,http://www.hm.com/us/product/67836?article=67836-A
Jersey Tank Top,$7.99,$12.99,47998,http://www.hm.com/us/product/47998?article=47998-B
Pointelle Top,$14.99,$24.99,63835,http://www.hm.com/us/product/63835?article=63835-A
Velour Top,$14.99,$24.99,69616,http://www.hm.com/us/product/69616?article=69616-B
V-neck Camisole Top,$19.99,$39.99,55497,http://www.hm.com/us/product/55497?article=55497-C
Jersey Top,$9.99,$14.99,58380,http://www.hm.com/us/product/58380?article=58380-A
Ribbed Top,$9.99,$19.99,56148,http://www.hm.com/us/product/56148?article=56148-B
Mock-turtleneck Top,$9.99,$17.99,55410,http://www.hm.com/us/product/55410?article=55410-B
Short Satin Top,$17.99,$34.99,47995,http://www.hm.com/us/product/47995?article=47995-A
Off-the-shoulder Top,$24.99,$34.99,61183,http://www.hm.com/us/product/61183?article=61183-A
Sequin-embroidered Bustier,$17.99,$34.99,60536,http://www.hm.com/us/product/60536?article=60536-A
Top with Lacing,$12.99,$24.99,59316,http://www.hm.com/us/product/59316?article=59316-B
Glittery Top,$19.99,$39.99,61034,http://www.hm.com/us/product/61034?article=61034-C
Tank Top with Ties,$14.99,$24.99,63091,http://www.hm.com/us/product/63091?article=63091-A
Chiffon Top,$14.99,$39.99,82397,http://www.hm.com/us/product/82397?article=82397-A
V-neck Top,$12.99,$29.99,46814,http://www.hm.com/us/product/46814?article=46814-G
Sequined Tank Top,$19.99,$34.99,58495,http://www.hm.com/us/product/58495?article=58495-A
Ribbed Top,$9.99,$17.99,57315,http://www.hm.com/us/product/57315?article=57315-C
V-neck Camisole Top,$19.99,$39.99,55497,http://www.hm.com/us/product/55497?article=55497-E
Top with Open Back,$9.99,$17.99,61028,http://www.hm.com/us/product/61028?article=61028-A
Long-sleeved Lace Top,$19.99,$24.99,38130,http://www.hm.com/us/product/38130?article=38130-C
V-neck Camisole Top,$19.99,$34.99,67857,http://www.hm.com/us/product/67857?article=67857-A
Velour Top,$14.99,$24.99,69616,http://www.hm.com/us/product/69616?article=69616-A
Short Top,$14.99,$24.99,60761,http://www.hm.com/us/product/60761?article=60761-A
Sleeveless Top,$14.99,$29.99,51196,http://www.hm.com/us/product/51196?article=51196-D
Ribbed Top,$9.99,$17.99,64983,http://www.hm.com/us/product/64983?article=64983-A
Long-sleeved Top,$14.99,$24.99,56522,http://www.hm.com/us/product/56522?article=56522-F
Jersey Top,$9.99,$14.99,64828,http://www.hm.com/us/product/64828?article=64828-D
Ribbed Jersey Top,$12.99,$24.99,39668,http://www.hm.com/us/product/39668?article=39668-B
Draped Top,$9.99,$19.99,61712,http://www.hm.com/us/product/61712?article=61712-D
Jersey Top,$9.99,$14.99,64828,http://www.hm.com/us/product/64828?article=64828-E
Short Glittery Top,$14.99,$29.99,53308,http://www.hm.com/us/product/53308?article=53308-A
Velour Top,$14.99,$24.99,69616,http://www.hm.com/us/product/69616?article=69616-C
Crushed-velvet Camisole Top,$24.99,$34.99,69676,http://www.hm.com/us/product/69676?article=69676-A
Fitted Jersey Top,$12.99,$24.99,88680,http://www.hm.com/us/product/88680?article=88680-M
Glittery Camisole Top,$17.99,$24.99,58956,http://www.hm.com/us/product/58956?article=58956-B
Ruffled Top,$17.99,$29.99,59269,http://www.hm.com/us/product/59269?article=59269-A
Halterneck Top,$19.99,$34.99,53502,http://www.hm.com/us/product/53502?article=53502-A
Long Jersey Top,$12.99,$24.99,57920,http://www.hm.com/us/product/57920?article=57920-D
Satin Peplum Top,$24.99,$34.99,56723,http://www.hm.com/us/product/56723?article=56723-A
Long-sleeved Jersey Top,$12.99,$17.99,54285,http://www.hm.com/us/product/54285?article=54285-B
Fine-knit Glittery Top,$14.99,$24.99,44550,http://www.hm.com/us/product/44550?article=44550-B
Ribbed Jersey Top,$7.99,$17.99,56300,http://www.hm.com/us/product/56300?article=56300-F
Ribbed Top,$10,$17.95,76777,http://www.hm.com/us/product/76777?article=76777-B
V-neck Bodysuit,$17.99,$24.99,60992,http://www.hm.com/us/product/60992?article=60992-B
Jersey Top with Lace,$14.99,$24.99,39074,http://www.hm.com/us/product/39074?article=39074-A
Ribbed Top,$9.99,$17.99,56889,http://www.hm.com/us/product/56889?article=56889-D
Sequined Top,$29.99,$49.99,58474,http://www.hm.com/us/product/58474?article=58474-A
Short Top with Lacing,$17.99,$29.99,62105,http://www.hm.com/us/product/62105?article=62105-A
Long-sleeved Jersey Top,$12.99,$17.99,54285,http://www.hm.com/us/product/54285?article=54285-A
Ribbed Mock Turtleneck Sweater,$19.99,$34.99,55016,http://www.hm.com/us/product/55016?article=55016-A
Glittery Camisole Top,$17.99,$24.99,58956,http://www.hm.com/us/product/58956?article=58956-A
Draped Jersey Top,$7.99,$17.99,55302,http://www.hm.com/us/product/55302?article=55302-C
V-neck Top,$17.99,$29.99,50693,http://www.hm.com/us/product/50693?article=50693-C
Lace Top,$12.99,$24.95,30892,http://www.hm.com/us/product/30892?article=30892-A
Flounced Chiffon Camisole Top,$14.99,$29.99,60809,http://www.hm.com/us/product/60809?article=60809-A
Sequined Camisole Top,$29.99,$49.99,55491,http://www.hm.com/us/product/55491?article=55491-B
Cropped Camisole Top,$14.99,$29.99,45952,http://www.hm.com/us/product/45952?article=45952-B
Camisole Top,$17.99,$34.99,41726,http://www.hm.com/us/product/41726?article=41726-A
Ribbed Sweater,$9.99,$12.99,59865,http://www.hm.com/us/product/59865?article=59865-A
Glittery Top,$34.99,$49.99,37042,http://www.hm.com/us/product/37042?article=37042-B
